workflow_id,start_time,end_time,execution_time_seconds,prompt_tokens,completion_tokens
827a120d-79e2-4518-a073-b5e1090031a2,2025-04-04T14:46:29.54996+00:00,2025-04-04T14:46:51.855478+00:00,18.8865230083466,6559,751
c4ca733b-561b-49b4-8aff-62821044478d,2025-04-04T14:52:30.980772+00:00,2025-04-04T14:52:44.830174+00:00,11.3329701423645,4714,330
e83eb70e-4871-40cc-89c8-2f37af48ed18,2025-04-04T15:01:14.75407+00:00,2025-04-04T15:01:29.972067+00:00,13.666051864624,4777,394
dfa735b1-6139-41da-a55c-0fe0e2e0f62f,2025-04-04T15:14:18.4048+00:00,2025-04-04T15:14:31.29253+00:00,11.151478767395,4717,332
bf16b072-e96e-4fba-a920-7c59d6c898b4,2025-04-04T18:17:44.064131+00:00,2025-04-04T18:17:58.971224+00:00,12.1981570720673,4721,336
730cee22-1334-48d1-8d1b-e42f213cf070,2025-04-04T18:48:10.051385+00:00,2025-04-04T18:48:24.108163+00:00,12.2227549552917,4717,334
275e3794-aa3e-4d4f-a875-fc955de2b9aa,2025-04-04T18:48:06.858019+00:00,2025-04-04T18:48:27.566564+00:00,17.1318459510803,6572,558
6dd81555-eff4-4dc2-aa08-ed0fbd161d44,2025-04-04T18:52:24.140633+00:00,2025-04-04T18:52:36.448031+00:00,10.5507159233093,4706,322
0e656b65-f623-457c-8bb2-4f445f4ff3e7,2025-04-04T18:52:20.782148+00:00,2025-04-04T18:52:44.308031+00:00,19.8921909332275,6532,545
8c54f2e0-2e45-4825-94ea-daaa74ede332,2025-04-04T18:54:58.935532+00:00,2025-04-04T18:55:20.650187+00:00,19.9750320911407,6447,491
5a335a0d-491a-4d53-9077-3ea6055b5ed9,2025-04-04T18:55:01.669397+00:00,2025-04-04T18:55:21.71159+00:00,18.5788249969482,6548,555
d695a62e-5135-4291-9fbc-dead25d73bb5,2025-04-04T18:55:00.383642+00:00,2025-04-04T18:55:22.774408+00:00,20.7661330699921,6505,522
62cf1157-82eb-4049-9a4f-4b41a3168ae4,2025-04-04T18:55:04.092779+00:00,2025-04-04T18:55:23.877784+00:00,18.3040978908539,6568,567
3b7b047c-e552-4407-be04-65707f6f398f,2025-04-04T18:55:02.838639+00:00,2025-04-04T18:55:24.966724+00:00,20.6213438510895,6533,542
832914b5-4b2d-4924-9c65-6f66484a930d,2025-04-04T18:55:06.50914+00:00,2025-04-04T18:55:30.267323+00:00,22.2802040576935,4710,328
d458f888-acad-4257-9827-633df297ec2c,2025-04-04T18:55:08.72395+00:00,2025-04-04T18:55:33.830931+00:00,23.7777080535889,4780,396
60d3bfbe-8d5a-42a8-aa97-129c8f5304fc,2025-04-04T18:55:05.221998+00:00,2025-04-04T18:55:34.818379+00:00,28.042044878006,4712,328
996b5e22-acac-4809-9523-e0c7db04380c,2025-04-04T18:55:07.634134+00:00,2025-04-04T18:55:35.775553+00:00,26.7747230529785,4802,416
8c037ab1-5efc-45ac-8214-e506c7810867,2025-04-04T18:55:09.765055+00:00,2025-04-04T18:55:36.813565+00:00,25.6159689426422,4831,453
2af8d58a-2277-4a97-8fcf-e8e879a77bc1,2025-04-04T18:56:32.328232+00:00,2025-04-04T18:56:45.194206+00:00,11.3450608253479,4709,328
95dfd143-520a-4ac8-9c66-1f5ff108ae3d,2025-04-07T09:10:07.7898+00:00,2025-04-07T09:10:29.216538+00:00,17.3184900283813,4800,431
496f3017-a836-4ee1-bf6f-81d903e73398,2025-04-07T09:37:24.366571+00:00,2025-04-07T09:37:40.365228+00:00,14.0952460765839,4714,330
b00e8904-c23f-4a5c-808c-efaf9691ff75,2025-04-07T10:07:27.945739+00:00,2025-04-07T10:07:45.430417+00:00,8.47171568870544,1206,279
df6ff2db-e1dc-481b-851b-0a1a863ddfce,2025-04-07T10:10:25.426129+00:00,2025-04-07T10:10:33.635936+00:00,6.34719586372375,1208,283
594869a3-04ac-4e8b-b8d6-96d176ee5c24,2025-04-07T10:12:45.792884+00:00,2025-04-07T10:12:53.396517+00:00,5.84075784683228,1208,283
2b1928ff-5fb9-410b-a0c2-63fc0af26638,2025-04-07T12:14:34.828337+00:00,2025-04-07T12:15:00.321995+00:00,21.6304769515991,6630,553
c55c731b-83cd-4dcd-9a42-f0f3ec5ad688,2025-04-07T16:01:08.667514+00:00,2025-04-07T16:01:33.211024+00:00,19.0706272125244,6474,481
8c5eee13-9b18-44e5-bfbc-c52477698339,2025-04-07T16:15:12.893742+00:00,2025-04-07T16:15:31.664852+00:00,16.6369731426239,4753,372
4f3bea5d-cfa1-472b-8322-e26a16b8cc25,2025-04-07T15:18:15.922049+00:00,2025-04-07T15:18:29.081955+00:00,10.0826461315155,2655,315
463d3d42-56e8-46a9-9fe5-6aacba5f5fac,2025-04-07T15:18:58.639887+00:00,2025-04-07T15:19:07.704185+00:00,6.97685766220093,2643,303
bba5aee7-715a-4ed5-bea2-2409c7ea2967,2025-04-07T17:38:05.848707+00:00,2025-04-07T17:38:20.664864+00:00,11.5969619750977,2906,443
d8fb61f4-778f-431f-85c3-93f3ca3b170c,2025-04-07T17:40:00.267069+00:00,2025-04-07T17:40:10.020638+00:00,7.14430475234985,2818,356
cdde938d-e32c-4758-bcaa-b93ee459791f,2025-05-15T09:12:12.994927+00:00,2025-05-15T09:12:23.729981+00:00,7.08110213279724,1492,335
999a1e4d-6fd0-4046-ac8d-be1618cca481,2025-05-15T09:12:16.344167+00:00,2025-05-15T09:12:24.904789+00:00,7.10412001609802,1492,331
7de263d1-4466-44f6-961f-aa863833e840,2025-04-08T09:26:05.856329+00:00,2025-04-08T09:26:39.044981+00:00,26.9874157905579,23330,1009
753262d9-6ee1-448f-a243-371b7273f118,2025-04-08T09:27:03.944438+00:00,2025-04-08T09:27:21.088473+00:00,15.3858761787415,8509,685
6d30f155-0983-479d-b4b4-ead878bd9f5a,2025-04-08T09:27:28.251549+00:00,2025-04-08T09:27:38.630135+00:00,8.45480298995972,1833,349
2e4693f1-2aa6-4afb-9125-eeb10f00a5c3,2025-04-08T09:29:00.478829+00:00,2025-04-08T09:29:11.943642+00:00,9.3172333240509,1869,383
dd6f6338-742b-4c54-a789-b3d16ac10ce7,2025-04-08T09:30:50.141146+00:00,2025-04-08T09:31:04.911649+00:00,12.4447655677795,1821,335
bc7287f1-bab6-4da2-ada0-e00a2835f4ed,2025-04-08T09:32:35.677525+00:00,2025-04-08T09:32:59.438198+00:00,19.7952930927277,16011,736
bf04b4bf-07da-42d9-91bf-3975ebd55752,2025-04-08T11:34:49.440377+00:00,2025-04-08T11:35:16.926519+00:00,24.6845021247864,7637,719
b5a29273-9725-4bf1-84f6-4f6049dc789a,2025-04-08T11:35:34.224533+00:00,2025-04-08T11:35:54.434169+00:00,18.2948079109192,3995,370
d88aba36-a39f-472d-a04d-b76a5596e81c,2025-04-08T11:36:04.265055+00:00,2025-04-08T11:36:24.045213+00:00,16.6839311122894,5444,521
72a365bd-3470-4a64-bb5c-0d6e053dd868,2025-04-08T09:41:21.019805+00:00,2025-04-08T09:41:32.31434+00:00,8.77480030059814,1838,353
46c6f9be-ad18-44b1-a120-4bf55267bf9f,2025-04-08T09:43:59.2149+00:00,2025-04-08T09:44:08.898952+00:00,7.56325483322144,1838,352
7851cb80-f788-46ab-a749-127212875cfb,2025-04-08T09:45:43.236163+00:00,2025-04-08T09:45:51.985223+00:00,6.70148873329163,1809,335
2270d1c9-1301-44f2-82a3-1ad2290da3b8,2025-04-08T09:46:29.342596+00:00,2025-04-08T09:46:38.575652+00:00,7.21634244918823,1847,363
25d3458f-a0f3-4351-96a1-a3cd97cae616,2025-04-08T09:48:14.479628+00:00,2025-04-08T09:48:25.701691+00:00,8.97411394119263,1780,308
1f827969-e7db-4146-b09a-dc500d450194,2025-04-08T09:49:19.466016+00:00,2025-04-08T09:49:30.235616+00:00,8.65474510192871,1829,341
0793d265-5185-4b14-ad32-e036cf16137e,2025-04-08T09:56:50.478899+00:00,2025-04-08T09:57:01.435121+00:00,8.91431951522827,1803,313
5377716c-e561-4560-9e56-93c0f0791fb0,2025-04-08T10:00:55.164209+00:00,2025-04-08T10:01:06.371163+00:00,9.13598608970642,1826,343
34f44618-39e4-49e7-a2f3-7878b11214b5,2025-04-08T10:01:58.361014+00:00,2025-04-08T10:02:08.666387+00:00,8.15647482872009,1808,325
715a5839-1db3-4371-ad57-8b739ebc0ce0,2025-04-08T10:05:12.761221+00:00,2025-04-08T10:05:21.059043+00:00,6.62546920776367,1796,311
cbed59a3-a515-4ac7-b9f3-b0f36201d2dd,2025-04-08T10:07:46.791993+00:00,2025-04-08T10:07:56.22003+00:00,6.98950719833374,1810,333
ba9299a5-6d1a-4f40-92c2-47f94bd22a5e,2025-04-08T10:11:06.416747+00:00,2025-04-08T10:11:18.698309+00:00,9.97345423698425,1826,337
f3645068-5eb7-4172-8547-ae93fa2d2e61,2025-04-08T10:13:28.52109+00:00,2025-04-08T10:13:40.002204+00:00,9.22654128074646,1805,323
a57eb507-93a9-4bc1-ade3-b9184c3358ae,2025-04-08T10:15:46.509989+00:00,2025-04-08T10:15:54.968637+00:00,6.31880736351013,1838,349
1fad9502-0107-4ed2-8c5e-b9ab531b5182,2025-04-08T10:16:54.728621+00:00,2025-04-08T10:17:03.95882+00:00,7.01880168914795,1816,333
06fa9442-4d59-476e-bf58-10283b376b37,2025-04-08T10:17:38.206165+00:00,2025-04-08T10:17:47.639189+00:00,7.40562057495117,1804,319
29bd07f8-57dd-4f8b-a14b-486201c364d9,2025-04-08T10:18:35.779301+00:00,2025-04-08T10:18:45.868088+00:00,7.84540963172913,1808,321
6cc78b18-1966-40af-85bd-8877a53b8c70,2025-05-15T09:12:18.603269+00:00,2025-05-15T09:12:26.109236+00:00,6.04894089698792,1492,290
9e5cc3be-b628-4ac1-a359-a3e37c80c4a2,2025-05-15T09:12:17.454972+00:00,2025-05-15T09:12:27.407343+00:00,8.46239519119263,1492,268
937dc459-f77f-4daa-81bf-09dd3ecf461f,2025-04-08T10:22:05.036864+00:00,2025-04-08T10:22:16.771197+00:00,9.26028203964233,1897,373
1a9c2991-5406-46e5-9d18-b32eb1f7f3bc,2025-04-08T10:31:19.314287+00:00,2025-04-08T10:31:28.024785+00:00,6.31599855422974,1871,337
19c9d6eb-0a2c-4e38-ac5d-ba09ba20e33a,2025-04-08T10:32:14.076611+00:00,2025-04-08T10:32:26.23196+00:00,10.0212023258209,1793,331
c7fc018d-1d7e-4b97-9c9e-cdb2f81ea43c,2025-04-08T10:33:10.769009+00:00,2025-04-08T10:33:29.38551+00:00,16.4931252002716,3965,340
e3f8c792-cd55-467e-880c-1f29f0f5f24b,2025-04-10T08:48:55.420126+00:00,2025-04-10T08:49:10.10153+00:00,11.8121140003204,1824,323
d1692001-337d-4922-812d-10599e4c297d,2025-04-10T08:49:46.111367+00:00,2025-04-10T08:50:02.380849+00:00,14.5088965892792,3989,364
43db002a-df8d-4a59-a839-2724867993bc,2025-04-10T08:50:13.441514+00:00,2025-04-10T08:50:36.198505+00:00,19.1651811599731,5515,584
8b98de96-c076-4e15-9944-adc4c311508d,2025-04-10T13:14:41.568482+00:00,2025-04-10T13:15:01.108165+00:00,17.4939658641815,3965,340
2cdefcd8-8277-4113-8cb8-140e0a202a7c,2025-04-10T13:16:17.564523+00:00,2025-04-10T13:16:38.194689+00:00,18.8236167430878,4093,468
0e7191c8-f683-41a2-b599-1a5d785755b7,2025-04-11T16:52:10.34858+00:00,2025-04-11T16:52:55.266131+00:00,41.9351215362549,35223,371
ed9d0f6f-b743-4ca0-b5ba-6d90cc6a321d,2025-04-11T17:13:25.274974+00:00,2025-04-11T17:13:40.257691+00:00,11.7656464576721,1862,517
c1253764-e711-43f3-b4ac-c5763ee6e756,2025-04-11T20:00:02.518158+00:00,2025-04-11T20:00:14.92792+00:00,8.49859666824341,1877,376
3e804e6c-282c-41c5-935e-6369b62c5c7a,2025-04-11T20:09:34.544545+00:00,2025-04-11T20:09:41.899908+00:00,5.85586857795715,1187,306
623d862d-e0d2-4660-88cc-5e503484f13b,2025-04-11T20:17:14.402253+00:00,2025-04-11T20:17:26.795343+00:00,11.0607531070709,1875,353
44fbc24b-e73b-4587-810b-e56d276eeb2c,2025-04-11T20:20:11.666062+00:00,2025-04-11T20:20:20.724544+00:00,7.23594689369202,1854,331
3ee2fc7c-a251-4bf4-b386-bbde84ca6b88,2025-04-11T21:08:29.954619+00:00,2025-04-11T21:08:54.586675+00:00,21.4612114429474,1171,280
2aa92814-426d-4e8e-9cab-03564b34c12a,2025-04-11T21:08:50.605722+00:00,2025-04-11T21:08:59.524066+00:00,7.43292021751404,1839,325
808e3508-7f06-43fe-81dd-4ec7fa554501,2025-05-15T09:12:19.690512+00:00,2025-05-15T09:12:28.551447+00:00,7.51887273788452,1492,261
d82a7190-08e2-4d40-af55-673a1e5e414c,2025-04-11T21:14:30.797646+00:00,2025-04-11T21:14:56.199129+00:00,24.005793094635,3971,344
a714b871-ae0a-43f7-ae1c-64cb06fa0d6d,2025-04-11T21:15:30.035855+00:00,2025-04-11T21:15:57.973744+00:00,26.4247560501099,20104,356
877e02d1-043f-49d3-9556-5af48fade9ed,2025-04-14T15:52:41.312852+00:00,2025-04-14T15:53:14.776893+00:00,30.7776477336884,3161,381
abe969c4-1699-4470-9c61-a0e939891434,2025-04-14T15:53:47.213222+00:00,2025-04-14T15:54:10.125757+00:00,21.1697382926941,3983,356
a47ec0b2-026e-4fc5-9210-29002a3d0072,2025-04-14T16:07:04.850566+00:00,2025-04-14T16:07:28.800334+00:00,22.2279653549194,4043,416
5bcc21b2-350f-461b-8d06-c9f61f0ebad7,2025-04-14T16:07:40.517949+00:00,2025-04-14T16:08:24.188685+00:00,31.0125498771667,8116,565
1ebccf6b-9744-4bd8-9ab1-ce59d41bf17e,2025-04-14T16:15:36.064843+00:00,2025-04-14T16:15:58.226054+00:00,20.4397754669189,3963,336
e316ae58-8b43-4715-97b6-fa6bb3e42f8a,2025-04-14T16:17:02.478128+00:00,2025-04-14T16:17:16.369743+00:00,11.7354650497437,11082,288
23a7141f-b059-4860-b69a-9d9730059d43,2025-04-14T16:17:31.094839+00:00,2025-04-14T16:17:42.064797+00:00,9.50822973251343,11093,310
82485652-dabe-40b7-b935-9d039f4139f9,2025-04-14T16:18:03.067273+00:00,2025-04-14T16:18:27.721997+00:00,23.2991230487823,43828,548
99571172-6669-4052-8371-c8883fce9927,2025-04-14T17:22:02.702262+00:00,2025-04-14T17:22:17.19358+00:00,8.17900252342224,1193,320
77853cc8-ec64-43c4-a51d-1bf47fa1acd5,2025-04-14T18:57:49.514862+00:00,2025-04-14T18:58:04.29009+00:00,6.78897404670715,1687,245
491cb3bf-521c-480b-bc14-a02b65147f49,2025-05-15T09:12:40.163094+00:00,2025-05-15T09:12:47.284351+00:00,5.56690692901611,1492,260
9b9fd0da-1ebd-44df-950f-cb6022d9eaef,2025-05-15T09:12:41.449977+00:00,2025-05-15T09:12:49.80667+00:00,6.92277979850769,1492,314
849a1309-a4be-43a0-83e6-ed11dbf08afe,2025-05-15T09:12:42.601597+00:00,2025-05-15T09:12:50.864013+00:00,6.71935701370239,1492,293
862f7372-2eb8-4c55-9e68-946293758418,2025-05-15T09:12:43.810114+00:00,2025-05-15T09:12:52.082154+00:00,6.73237609863281,1492,272
10e4df9a-b61b-4c3a-b67e-ef678b11592e,2025-05-15T09:12:45.029939+00:00,2025-05-15T09:12:53.182511+00:00,6.70876789093018,1492,277
c95de579-d91e-47a8-b699-3b7baba8a1d6,2025-05-08T07:22:06.879179+00:00,2025-05-08T07:22:21.565352+00:00,10.2208969593048,1863,343
237e5aaa-d34c-4e25-8dd2-10ca0af42169,2025-05-08T07:36:59.204647+00:00,2025-05-08T07:37:08.156119+00:00,6.51717066764832,1841,325
fa67a0e9-39ed-4c41-93b8-aa1850bcf614,2025-05-08T08:15:04.302199+00:00,2025-05-08T08:15:13.433262+00:00,7.10210514068604,1844,327
befd5dd1-d0fd-4a20-b01b-68b8d72c148f,2025-05-08T08:14:37.02631+00:00,2025-05-08T08:15:20.493068+00:00,16.199743270874,7010,523
11b0710a-edd1-40e0-b608-029719772342,2025-05-08T08:16:15.294897+00:00,2025-05-08T08:16:26.882266+00:00,9.39366698265076,1875,357
b21128c8-2d7f-48ed-bfc3-d5466deffb6b,2025-05-15T09:13:06.878443+00:00,2025-05-15T09:13:14.230616+00:00,5.80277705192566,1492,343
f866fd12-1340-43e4-88b3-126d976be4e1,2025-05-15T09:13:08.034765+00:00,2025-05-15T09:13:16.36737+00:00,6.82829189300537,1492,433
61a5b0d1-5c57-4545-ac74-d6712d8471c2,2025-05-15T09:13:09.194813+00:00,2025-05-15T09:13:18.751343+00:00,7.80752515792847,1492,446
14acc3fe-1dda-4b05-9f85-17326dab47d0,2025-05-13T10:25:35.826103+00:00,2025-05-13T10:25:55.838769+00:00,14.710422039032,3099,638
c411e93d-60be-467c-8eab-00d6e6ad874e,2025-05-13T11:20:47.523515+00:00,2025-05-13T11:21:07.987912+00:00,17.7489740848541,0,0
3fd87149-5bf1-4564-b2c6-2bfb685a3667,2025-05-13T11:24:04.428428+00:00,2025-05-13T11:24:15.29781+00:00,8.99626779556274,0,0
d3f85e91-a98b-4d1c-9199-18769fc7a8ed,2025-05-13T11:26:42.930567+00:00,2025-05-13T11:27:03.579563+00:00,18.0549318790436,0,0
da381f65-4de4-4e79-8229-c84144c988a7,2025-05-13T11:35:13.415869+00:00,2025-05-13T11:35:33.370473+00:00,17.2735221385956,0,0
b36b1351-0739-4f15-b24b-a9a82295ae3f,2025-05-13T11:37:47.903636+00:00,2025-05-13T11:38:00.672379+00:00,10.3547918796539,0,0
7a54785f-c2c0-4cc9-8d4a-d36bd1b9ceb6,2025-05-13T11:46:37.116976+00:00,2025-05-13T11:46:59.042534+00:00,12.5343654155731,0,0
b8fcb0ad-dccc-4cb7-a46a-8beab7c588e0,2025-05-13T11:54:19.414587+00:00,2025-05-13T11:54:40.497131+00:00,18.5360569953918,1006,722
e40e720b-1394-467c-870b-9c8dfb356fcb,2025-05-13T16:28:16.929399+00:00,2025-05-13T16:28:30.812293+00:00,10.9186208248138,1006,498
6e8faf81-344e-4af9-919a-2f3ef54c929b,2025-05-13T19:05:58.131569+00:00,2025-05-13T19:06:10.510693+00:00,9.30648326873779,1492,463
62e6d47d-2505-4329-9c35-16a2022d5abb,2025-05-13T19:21:48.356407+00:00,2025-05-13T19:22:04.312258+00:00,13.272528886795,1006,570
d56f7f54-d657-4ffb-a8d9-3d8d0fbe7703,2025-05-13T19:22:27.058368+00:00,2025-05-13T19:22:52.478019+00:00,21.3392269611359,3089,715
3f223fcc-7509-4c03-8c5b-86fae794f1ee,2025-05-13T19:23:40.258096+00:00,2025-05-13T19:23:50.432193+00:00,7.60542702674866,1492,289
82776a9d-3fbb-4a49-9a8b-85447a8810a8,2025-05-13T19:25:49.652487+00:00,2025-05-13T19:26:00.582433+00:00,8.32855868339539,1494,448
2b128a4c-5725-48f3-ba84-a6b4872953bb,2025-05-13T19:26:58.287731+00:00,2025-05-13T19:27:19.193326+00:00,18.3151791095734,1008,811
e5e1f5f3-6546-4f28-a11c-c51ea145dabf,2025-05-14T08:41:36.791678+00:00,2025-05-14T08:41:47.088994+00:00,7.17208480834961,1494,335
148f0840-a90f-42bd-af11-0bfbf034c9a5,2025-05-14T08:48:32.482293+00:00,2025-05-14T08:48:53.390839+00:00,17.0607481002808,3107,645
2a5a3105-7d20-491c-8ea7-1a165c2f7f0c,2025-05-14T08:49:28.158359+00:00,2025-05-14T08:49:48.741789+00:00,15.0250489711761,3111,749
71ea5b34-986a-4a3d-8770-9fdbcf2afd89,2025-05-14T08:54:08.173855+00:00,2025-05-14T08:54:26.183407+00:00,13.7707917690277,3101,620
bcab0bc0-2361-47d8-bc37-f72c592c2395,2025-05-14T08:54:57.04173+00:00,2025-05-14T08:55:18.787381+00:00,19.1593449115753,1494,793
73094f0a-629d-473c-8359-8a3ab71fed87,2025-05-14T08:57:15.429801+00:00,2025-05-14T08:57:28.790698+00:00,10.9047679901123,1492,479
b98f8717-561f-49ac-a3b6-fae8203e747f,2025-05-14T08:59:24.076094+00:00,2025-05-14T08:59:36.072039+00:00,9.672199010849,1492,410
ad875c13-4a17-462b-9612-2db8c3936045,2025-05-14T08:59:45.727692+00:00,2025-05-14T09:00:02.520207+00:00,13.4767210483551,3101,685
d9b7fcc4-7c9d-4082-a35b-8b25e5b14388,2025-05-14T09:04:15.514553+00:00,2025-05-14T09:04:28.506252+00:00,10.0254352092743,1492,501
8f1cdb99-448b-4ea8-a551-0dc7a58708fc,2025-05-14T09:06:05.132594+00:00,2025-05-14T09:06:21.62487+00:00,14.2303669452667,1494,724
20a58cd6-8ee6-43dd-b522-c82daabf3204,2025-05-14T09:06:40.745886+00:00,2025-05-14T09:06:56.740103+00:00,12.5577390193939,3103,610
16c0f7fa-163b-4de8-bf6a-6c42c559bd99,2025-05-14T09:10:03.050429+00:00,2025-05-14T09:10:18.722831+00:00,11.8073527812958,3103,649
3f9826d5-260a-4ed2-8243-1d9c1c064a5c,2025-05-14T09:11:04.581085+00:00,2025-05-14T09:11:14.788763+00:00,7.78838491439819,1494,330
a5325ef6-ea0c-4538-bae2-4b95473f9cdd,2025-05-14T09:39:08.760228+00:00,2025-05-14T09:39:25.460583+00:00,12.7023148536682,3125,747
54369cd1-20dc-4819-acc9-5b430df4a346,2025-05-14T09:40:09.519457+00:00,2025-05-14T09:40:22.168159+00:00,9.99070620536804,1494,373
2033d954-bf94-4ac4-b1d6-62498bdd86d0,2025-05-14T09:42:23.355855+00:00,2025-05-14T09:42:49.438588+00:00,22.4385168552399,3101,663
d7272b10-85c0-42af-ab45-a01aa1d0eddd,2025-05-14T10:10:18.297933+00:00,2025-05-14T10:10:41.182934+00:00,18.6289339065552,3103,719
c62df270-1fe9-45fb-8cc3-6497258fb333,2025-05-14T10:11:04.385215+00:00,2025-05-14T10:11:16.094933+00:00,9.13721776008606,1494,336
43c40953-3b4a-4cae-909d-244870930a4d,2025-05-14T10:11:30.386896+00:00,2025-05-14T10:11:48.181769+00:00,15.4520599842072,1008,669
9d09c5ff-31bf-4c03-8dce-388fd2d65118,2025-05-14T10:12:49.799376+00:00,2025-05-14T10:13:05.282098+00:00,12.4230208396912,1008,494
5168639d-a060-4603-aac6-0af3297f1bf6,2025-05-14T10:13:41.667515+00:00,2025-05-14T10:14:01.320717+00:00,16.4936988353729,1008,629
aa7a9aa4-f848-4de2-9d2d-d4457b6f2812,2025-05-14T10:21:48.09145+00:00,2025-05-14T10:23:34.720411+00:00,14.9046611785889,3103,756
e7bfa87b-8da5-4855-8910-44a48e7b4399,2025-05-14T10:24:05.352801+00:00,2025-05-14T10:24:35.680417+00:00,13.9313881397247,3105,651
826782b9-7612-4c9d-b5c9-4a73ae4fabb1,2025-05-14T10:27:22.329117+00:00,2025-05-14T10:27:47.520697+00:00,16.8823602199554,3109,711
d2006364-c4a3-44af-a84d-64ffdbf31fa2,2025-05-14T10:29:16.894489+00:00,2025-05-14T10:29:39.486338+00:00,19.0081100463867,3105,721
1eb3a61e-c982-46b3-9ff2-6e7f012606f1,2025-05-14T10:32:05.367359+00:00,2025-05-14T10:33:17.012366+00:00,14.2522301673889,3107,656
691c6a94-24fb-47d6-9ad4-a01b9fd851c4,2025-05-14T10:33:55.542587+00:00,2025-05-14T10:34:12.625656+00:00,13.5559179782867,3105,619
da50f269-a75a-41c0-9de6-d3f3c0918f89,2025-05-14T10:46:14.886405+00:00,2025-05-14T10:46:23.459188+00:00,5.52937602996826,1008,349
b9253d82-2af2-42a2-82be-21950a4c76a0,2025-05-14T10:49:10.759321+00:00,2025-05-14T10:49:29.582125+00:00,16.1502788066864,1008,759
898feec8-8726-4574-bb06-3af2ee270ba9,2025-05-14T10:54:07.070582+00:00,2025-05-14T10:54:23.976815+00:00,14.0163629055023,1008,719
38ced8a2-60da-4194-9964-7e7dacb2ad8f,2025-05-15T08:34:28.939998+00:00,2025-05-15T08:34:43.054168+00:00,12.496649980545,3055,728
a96c359a-2425-4365-b728-3683713b0afa,2025-05-14T11:17:26.237504+00:00,2025-05-14T11:17:39.792147+00:00,11.2871377468109,1487,611
4687065a-7460-4446-8782-9f38db74e99e,2025-05-14T11:25:53.443781+00:00,2025-05-14T11:26:17.439544+00:00,21.4201762676239,0,0
e7b660c3-bb75-482c-8c28-5aed46186692,2025-05-14T11:29:48.213129+00:00,2025-05-14T11:30:08.804861+00:00,17.9791688919067,0,0
7df7fc27-29e1-4928-8557-46971696aae5,2025-05-14T11:31:07.406861+00:00,2025-05-14T11:31:30.200871+00:00,20.1382257938385,0,0
83612dee-d297-43fc-a7e0-70a105fc0c35,2025-05-14T11:32:10.965806+00:00,2025-05-14T11:32:28.982694+00:00,15.3337979316711,1500,600
475057e4-ee8b-40a6-bca6-fa6050da4abe,2025-05-14T11:33:17.276533+00:00,2025-05-14T11:33:36.512064+00:00,16.7503159046173,1500,600
600fff92-473e-4d28-938a-1a0eb2c2f49a,2025-05-14T11:40:20.700201+00:00,2025-05-14T11:40:47.421703+00:00,24.1792149543762,1803,557
3ba582f5-5b29-49ed-ac69-dd3c84465d7c,2025-05-14T11:43:34.910463+00:00,2025-05-14T11:43:54.317272+00:00,16.9760162830353,1803,509
264ef666-f144-4401-8818-ea1199cefd4f,2025-05-14T17:50:16.175456+00:00,2025-05-14T17:50:26.952607+00:00,7.77622413635254,1487,317
ec6c3026-146d-40e7-92f6-efa56a4266e7,2025-05-15T08:17:57.077569+00:00,2025-05-15T08:18:18.443257+00:00,13.9332721233368,3055,805
1111882b-79cd-466b-ab23-ce14edbb029f,2025-05-15T08:18:16.365237+00:00,2025-05-15T08:18:28.710936+00:00,10.6392493247986,3055,764
30a3c123-88c8-40a9-8393-2ae4520cc46d,2025-05-15T08:33:34.513363+00:00,2025-05-15T08:33:46.387352+00:00,7.75154995918274,2927,448
ae17700e-244b-4594-9a69-15faeb7182c5,2025-05-15T08:34:05.762122+00:00,2025-05-15T08:34:20.279366+00:00,10.5114922523499,2952,567
034605e6-32ff-4fe2-8cfc-d9018637b77f,2025-05-15T08:34:09.434482+00:00,2025-05-15T08:34:21.480101+00:00,10.433376789093,2939,510
31337676-8b05-4fae-9ee7-99696d12cb0f,2025-05-15T08:34:11.971748+00:00,2025-05-15T08:34:23.135942+00:00,9.42838191986084,2920,471
e700fef9-c995-4120-80b7-5ceb4a421782,2025-05-15T08:34:10.688426+00:00,2025-05-15T08:34:25.936168+00:00,13.577339887619,3055,813
73a2425d-c74c-4d2c-a364-a851a886fddb,2025-05-15T08:34:13.385231+00:00,2025-05-15T08:34:28.033982+00:00,13.1017022132874,3055,779
d62ddc11-5c8b-4c29-9f8f-a4d67f6884a2,2025-05-15T08:34:30.172569+00:00,2025-05-15T08:34:44.44437+00:00,12.5778889656067,3055,802
7aa52323-b70e-4195-919d-1ecc09230475,2025-05-15T08:34:31.423963+00:00,2025-05-15T08:34:45.951243+00:00,12.7145071029663,3055,675
5e673820-4888-4591-8fe1-9a21dd47b83c,2025-05-15T08:34:33.833552+00:00,2025-05-15T08:34:50.318392+00:00,14.677187204361,3055,741
9005d1cf-79c8-4306-b2b1-c7cc6fa1f65f,2025-05-15T08:34:32.731068+00:00,2025-05-15T08:34:56.904032+00:00,22.7092270851135,3055,820
70a77ed8-fb46-4261-b4cb-d88238bcbfdd,2025-05-15T08:37:49.2914+00:00,2025-05-15T08:37:59.805954+00:00,9.08400702476501,2931,556
0da9153b-62fd-4375-83ea-251996c05f8f,2025-05-15T08:37:45.4228+00:00,2025-05-15T08:38:03.434771+00:00,13.8684968948364,3055,784
f983f4dc-15fb-40c6-ae27-9a3008aae766,2025-05-15T08:37:51.568751+00:00,2025-05-15T08:38:04.615519+00:00,11.6279010772705,3055,766
b8e43661-334d-4610-b40a-1ffa7b28a602,2025-05-15T08:37:50.39913+00:00,2025-05-15T08:38:06.578556+00:00,14.5702800750732,3055,869
7831b867-b625-49d6-8325-f5fa22b5ea57,2025-05-15T08:37:52.67885+00:00,2025-05-15T08:38:07.978438+00:00,13.801539182663,4171,819
a9f8398e-41a5-44cb-affb-e7714677241f,2025-05-15T08:38:18.235026+00:00,2025-05-15T08:38:25.702801+00:00,5.94365477561951,2823,392
6abc3875-4c7a-4a07-b19b-bb2dc8dc0493,2025-05-15T08:38:19.336249+00:00,2025-05-15T08:38:29.163664+00:00,8.4267840385437,2910,431
9f91651d-a1c2-4600-8b62-df590b399039,2025-05-15T08:38:20.51736+00:00,2025-05-15T08:38:33.391468+00:00,11.4659588336945,3055,708
3dd3708b-68d5-446c-9efb-2defac14c0db,2025-05-15T08:38:21.586466+00:00,2025-05-15T08:38:35.150567+00:00,11.9548988342285,3055,688
9c908268-4195-4392-8881-ea6604486e13,2025-05-15T08:38:22.845795+00:00,2025-05-15T08:38:36.301261+00:00,12.0634262561798,3055,726
965f633d-35df-408a-9225-fafd08629841,2025-05-15T08:38:48.309018+00:00,2025-05-15T08:39:00.909377+00:00,11.0571799278259,3055,740
898ee4f3-7258-4b9a-aad1-a0f84a34896e,2025-05-15T08:38:51.923855+00:00,2025-05-15T08:39:04.126525+00:00,10.5431101322174,2020,656
b1195f8f-7dca-4ff8-a0c0-dbc5bb6192bd,2025-05-15T08:38:50.711845+00:00,2025-05-15T08:39:05.654471+00:00,13.4799411296844,3055,704
3de3bcc2-ee67-4a35-b7e2-0beb3738f29e,2025-05-15T08:38:53.181519+00:00,2025-05-15T08:39:06.89442+00:00,12.0625970363617,3055,722
e73247a3-b6fb-4cc2-9fd0-5e57a4181a4c,2025-05-15T08:38:49.560433+00:00,2025-05-15T08:39:09.220579+00:00,18.2108609676361,2938,550
3f5070b9-a211-4671-b683-58184444460a,2025-05-15T08:39:19.926119+00:00,2025-05-15T08:39:31.219601+00:00,9.64884185791016,3070,589
1fedb254-c82a-42f9-9139-6dccd76a520e,2025-05-15T08:39:18.653419+00:00,2025-05-15T08:39:33.890947+00:00,13.6322758197784,3055,868
3c89e9d8-4f71-4523-8fea-11182dd5239b,2025-05-15T08:39:22.240669+00:00,2025-05-15T08:39:35.352864+00:00,11.6361379623413,3055,730
41a66a4c-b22d-423b-928f-9e0278eb7b63,2025-05-15T08:39:21.12201+00:00,2025-05-15T08:39:36.692886+00:00,14.0092737674713,3055,840
6a54a145-dd1c-4a2b-96a3-43ec76065dad,2025-05-15T08:39:23.658239+00:00,2025-05-15T08:39:37.965395+00:00,12.7641739845276,3055,851
1da2c6ce-b00d-4550-aead-f157ad9a2473,2025-05-15T08:45:04.520712+00:00,,,0,0
f07fc773-475d-40d8-bb01-978fc0832658,2025-05-15T08:45:07.51805+00:00,,,0,0
25c1d635-ef2e-42cb-baec-0f1417476087,2025-05-15T08:45:08.911714+00:00,,,0,0
3c00c237-14e4-428e-9a9c-250b1e1b0768,2025-05-15T08:45:10.49236+00:00,,,0,0
29bf06b8-9a3f-4119-8f76-891d4f830076,2025-05-15T08:45:12.212657+00:00,,,0,0
2d6dbb12-2d7e-48fd-8530-0498b9fb52d6,2025-05-15T08:45:32.718507+00:00,,,0,0
d64aab04-5554-42f4-a0e7-a7e55bb7bb5f,2025-05-15T08:45:34.057167+00:00,,,0,0
175a8eae-63b6-4288-aff1-6fbc0584bc79,2025-05-15T08:45:35.341606+00:00,,,0,0
7f998526-76b1-4cf6-9133-404a1a5fc68b,2025-05-15T08:45:36.857326+00:00,,,0,0
87c1355c-9363-41a8-8be1-1a8db4c7007a,2025-05-15T08:45:38.432305+00:00,,,0,0
5c480dd1-2571-4b4d-b8ed-9577527986a6,2025-05-15T08:45:58.94653+00:00,,,0,0
308f98fa-47c9-4a06-9204-95bc01ca3a56,2025-05-15T08:46:01.738157+00:00,,,0,0
febea9e8-124f-454e-94e7-f3de9edddbe3,2025-05-15T08:46:03.184189+00:00,,,0,0
4d25cd06-8484-4fce-9f3d-2a2f939c47d8,2025-05-15T08:46:05.102563+00:00,,,0,0
3081b34e-7609-412d-98b9-f1831aa554e7,2025-05-15T08:46:06.603763+00:00,,,0,0
6f4fc8de-3ab0-4431-8823-6aba2b6b57e8,2025-05-15T09:06:50.282716+00:00,2025-05-15T09:07:06.960628+00:00,14.5536649227142,1175,376
91d781ee-03f3-42e5-ae6a-8700b1faa4db,2025-05-15T09:06:49.072833+00:00,2025-05-15T09:07:08.199321+00:00,17.5668232440948,1175,271
a8ec526c-640d-484a-9dca-99936fd5bba4,2025-05-15T09:06:53.183304+00:00,2025-05-15T09:07:03.974858+00:00,9.11797189712524,1175,297
3aa6e180-5d1a-461d-b858-eacae06c052f,2025-05-15T09:06:44.695162+00:00,2025-05-15T09:07:05.456218+00:00,16.0869319438934,1175,330
f5fca00a-bcbd-4d10-81a3-4b9b61257fcd,2025-05-15T09:06:51.911492+00:00,2025-05-15T09:07:11.567686+00:00,18.1205523014069,1175,379
1265d310-929d-4190-8601-a76ef6c04674,2025-05-15T09:07:18.722374+00:00,2025-05-15T09:07:28.579755+00:00,8.25938701629639,1175,326
868ad984-2142-4104-8bab-ad0e484e7978,2025-05-15T09:07:13.724047+00:00,2025-05-15T09:07:30.803305+00:00,15.4181578159332,1175,363
18919a79-b22d-49e3-afa9-39a11c222e57,2025-05-15T09:07:17.52692+00:00,2025-05-15T09:07:32.076202+00:00,12.9836659431458,1175,336
b62ebde5-c4ea-47eb-b6f1-4ad1d902994f,2025-05-15T09:07:16.352012+00:00,2025-05-15T09:07:37.60542+00:00,19.7749791145325,1175,354
a35c39af-5739-47f4-9421-6c5140677623,2025-05-15T09:07:15.069441+00:00,2025-05-15T09:07:38.820103+00:00,22.1299059391022,1175,382
3aca98dd-20bd-49ac-9796-c46ef73760c0,2025-05-15T09:07:46.200449+00:00,2025-05-15T09:07:57.767013+00:00,9.92040705680847,1175,252
b2ff1a4f-2db9-4e0f-9aac-8c898177b502,2025-05-15T09:07:42.94338+00:00,2025-05-15T09:08:00.017085+00:00,14.6168067455292,1175,358
b839cb93-d70f-4564-bb34-26ee42b14b37,2025-05-15T09:07:44.935127+00:00,2025-05-15T09:08:01.487169+00:00,14.7810580730438,1175,361
4f260027-97be-439a-b5e6-e0720773337a,2025-05-15T09:07:47.528579+00:00,2025-05-15T09:08:02.887195+00:00,13.8176848888397,1175,358
b423ffed-408f-49c7-8792-59a5487f59a1,2025-05-15T09:07:39.665393+00:00,2025-05-15T09:08:07.381555+00:00,24.2963449954987,1175,356
b789ecae-300f-4cd3-8b36-a1ed10be4064,2025-05-15T09:08:12.151765+00:00,2025-05-15T09:08:26.238248+00:00,12.3459448814392,1175,347
d725acf5-d6a3-4e14-90ca-6221dfd539a6,2025-05-15T09:08:10.829782+00:00,2025-05-15T09:08:27.51459+00:00,15.0496890544891,1175,340
ad2c57d3-5d80-4aa1-9704-6b2e74a11fad,2025-05-15T09:08:09.55759+00:00,2025-05-15T09:08:28.623292+00:00,17.4922261238098,1175,376
90c2f92c-a23c-4e37-ac14-8099281a8886,2025-05-15T09:08:08.269179+00:00,2025-05-15T09:08:29.6978+00:00,19.8689489364624,1175,409
ab059f10-5e32-4cd1-9167-926431d65677,2025-05-15T09:08:13.486725+00:00,2025-05-15T09:08:30.893254+00:00,15.9062569141388,1175,288
0980f01b-f4f3-4137-a779-1164a4155bdb,2025-05-15T09:08:36.286355+00:00,2025-05-15T09:08:49.520535+00:00,11.4507460594177,1175,284
10235bba-4df4-49b3-8efc-e160f206bdf0,2025-05-15T09:08:38.802274+00:00,2025-05-15T09:08:50.930649+00:00,10.6206760406494,1175,268
5f046ed5-4fec-4adb-a83c-b95d7ac70db5,2025-05-15T09:08:33.915396+00:00,2025-05-15T09:08:52.063167+00:00,16.7050702571869,1175,316
01ffae00-1e06-4139-981e-c150bde53ae0,2025-05-15T09:08:37.629287+00:00,2025-05-15T09:08:53.233717+00:00,14.0250658988953,1175,330
a12e45c1-64b6-4291-a5df-6f324c69caee,2025-05-15T09:08:35.059626+00:00,2025-05-15T09:08:55.202977+00:00,18.6337809562683,1175,280
bc613179-7bbb-476d-aaef-fbf9b273b384,2025-05-15T09:09:03.235919+00:00,2025-05-15T09:09:14.964532+00:00,10.174124956131,1175,305
a8ec66d6-23c4-4686-9ba2-a4b57c364e87,2025-05-15T09:09:00.62735+00:00,2025-05-15T09:09:16.053098+00:00,13.7876946926117,1175,305
eefc18df-90ac-4bb6-9676-8324149cc668,2025-05-15T09:08:59.274255+00:00,2025-05-15T09:09:20.345868+00:00,19.3469388484955,1175,342
7088e40d-bb3e-498d-aebc-8f2a89f560d5,2025-05-15T09:09:01.964248+00:00,2025-05-15T09:09:21.653029+00:00,18.0407481193542,1175,398
e54cd173-321a-44bf-b62e-702dafe4f18a,2025-05-15T09:09:04.476348+00:00,2025-05-15T09:09:26.66884+00:00,20.2525260448456,1175,345
2617cf11-425d-409b-9167-abaee851bd1c,2025-05-15T09:09:28.974285+00:00,2025-05-15T09:09:38.889571+00:00,8.33800888061523,1001,278
0f745f68-a32d-4ad3-9c89-217ec1636314,2025-05-15T09:09:24.967508+00:00,2025-05-15T09:09:40.624974+00:00,14.0102488994598,1175,312
4024a20a-ddc4-4682-9fce-e5560a69889c,2025-05-15T09:09:27.656931+00:00,2025-05-15T09:09:41.900054+00:00,12.5339319705963,1175,291
1ffb56d7-51dc-444c-8a62-294a8f5d7915,2025-05-15T09:09:30.198583+00:00,2025-05-15T09:09:43.175842+00:00,11.5207717418671,1175,297
4f30a926-b695-47f8-a52f-6c2fa4a16fae,2025-05-15T09:09:31.323614+00:00,2025-05-15T09:09:45.09429+00:00,12.1055219173431,1175,414
a58628b2-58ba-42c8-88b0-445fa3113580,2025-05-15T09:09:55.626801+00:00,2025-05-15T09:10:06.272262+00:00,8.96168899536133,1175,260
1d5c18d6-7b5f-42c5-8f49-51f45c30f037,2025-05-15T09:09:54.331129+00:00,2025-05-15T09:10:07.435999+00:00,11.5456750392914,1175,403
00eca698-6cce-4400-87b9-1e7af500bb01,2025-05-15T09:09:51.835892+00:00,2025-05-15T09:10:08.520932+00:00,15.1288740634918,1175,328
2dd8ad62-ff67-46b5-b99e-af987d1432e2,2025-05-15T09:09:57.014686+00:00,2025-05-15T09:10:09.632798+00:00,11.1667246818542,1175,364
b5e0d172-5469-4dda-b8f0-c59b08ecbe23,2025-05-15T09:09:53.101161+00:00,2025-05-15T09:10:17.800195+00:00,23.119668006897,1175,376
61dc00eb-1d29-4060-aaa9-0f5fbae498fb,2025-05-15T09:10:18.604061+00:00,2025-05-15T09:10:30.978042+00:00,10.9173939228058,1175,274
9735d1f4-b832-4113-afa9-511af22da1e0,2025-05-15T09:10:22.022183+00:00,2025-05-15T09:10:32.140952+00:00,8.57732367515564,1175,315
93beedcb-8624-4e5a-88cb-63f3763b1279,2025-05-15T09:10:19.737242+00:00,2025-05-15T09:10:33.347112+00:00,12.1179940700531,1175,330
8216e91a-dc16-4482-93fd-3c03318da36a,2025-05-15T09:10:20.884642+00:00,2025-05-15T09:10:34.574886+00:00,12.2211458683014,1175,356
762f522f-a9c6-461c-b1e7-5621121f4871,2025-05-15T09:10:23.23019+00:00,2025-05-15T09:10:35.640172+00:00,10.9987819194794,1175,387
a67804ff-f089-4bae-92ff-1c08e7e38cf4,2025-05-15T09:10:45.294369+00:00,2025-05-15T09:10:57.534564+00:00,10.6671481132507,1175,280
cc301fcf-0063-4756-a0bd-322420fe3a83,2025-05-15T09:10:47.690758+00:00,2025-05-15T09:10:58.843634+00:00,9.60937809944153,1175,336
b26621e3-5639-4211-85b5-6f9ac2da9c52,2025-05-15T09:10:43.833195+00:00,2025-05-15T09:11:00.262615+00:00,14.6079659461975,1175,301
4f7f4880-e32a-4d52-91fa-4d912fdb9b82,2025-05-15T09:10:46.491087+00:00,2025-05-15T09:11:01.620225+00:00,13.6217460632324,1175,364
9c83bb27-694d-46dd-bea4-75368be9c3ed,2025-05-15T09:10:48.853854+00:00,2025-05-15T09:11:02.861997+00:00,12.3895018100739,1175,386
cc8f3ab0-b02e-43a1-9ae4-ba03c8fa7cd4,2025-05-15T09:13:05.493232+00:00,2025-05-15T09:13:12.109903+00:00,4.87698268890381,1492,326
d31cfdd7-c85d-4f00-831b-e9bcfa9dd33f,2025-05-15T09:13:10.528236+00:00,2025-05-15T09:13:17.564814+00:00,5.49037623405457,1492,282
f8313701-f21e-4da1-9b59-17973a8bec97,2025-05-15T09:13:31.022095+00:00,2025-05-15T09:13:37.71723+00:00,5.17514395713806,1492,328
4b68b1ef-f2e8-4d16-b639-3ab3cc1477cc,2025-05-15T09:13:32.153033+00:00,2025-05-15T09:13:38.964663+00:00,5.29129385948181,1492,346
33c4c682-f193-494e-aa7c-d4d0765ac502,2025-05-15T09:13:33.282149+00:00,2025-05-15T09:13:40.211384+00:00,5.44177198410034,1492,309
1364959f-f2d4-4545-b05f-c08c5135a3ce,2025-05-15T09:13:34.422363+00:00,2025-05-15T09:13:41.521134+00:00,5.53401970863342,1492,285
a3347a1f-d1f9-41cd-8525-0ec369336f33,2025-05-15T09:13:35.559662+00:00,2025-05-15T09:13:42.805258+00:00,5.57788181304932,1492,380
044a00b9-480b-43fe-b5f8-c9aabf35a702,2025-05-15T09:13:56.161801+00:00,2025-05-15T09:14:02.300976+00:00,4.8150999546051,1492,278
c6f7c847-d737-4b83-b7a4-3f5018a3a612,2025-05-15T09:13:57.288864+00:00,2025-05-15T09:14:03.286235+00:00,4.48772716522217,1492,279
6d82ebfa-ca70-4683-a847-69e36cae5655,2025-05-15T09:13:58.526379+00:00,2025-05-15T09:14:04.613172+00:00,4.76783990859985,1492,292
ad957a48-b646-4b43-aa9a-273ff1121630,2025-05-15T09:13:59.636203+00:00,2025-05-15T09:14:06.556468+00:00,5.47284603118896,1492,383
830e46c0-8f7a-4a6e-9b42-865e9752aec1,2025-05-15T09:14:00.716881+00:00,2025-05-15T09:14:07.833546+00:00,5.65281295776367,1492,339
dc023a0d-eaa8-4fd4-8ea7-88725ace3953,2025-05-15T09:14:21.109187+00:00,2025-05-15T09:14:27.234444+00:00,4.70529198646545,1492,270
a5057750-785b-46f7-8a1b-99496c76d5de,2025-05-15T09:14:22.313951+00:00,2025-05-15T09:14:28.185817+00:00,4.52049207687378,1492,230
5f0515d7-e54c-4f53-98b4-ee9c1a6a698b,2025-05-15T09:14:23.451495+00:00,2025-05-15T09:14:29.432142+00:00,4.69166731834412,1492,266
cda45120-677d-4af4-a073-5da227c5c321,2025-05-15T09:14:24.525963+00:00,2025-05-15T09:14:30.769356+00:00,4.91890287399292,1492,320
8f2b0bb7-3135-4453-a957-8add83110ab7,2025-05-15T09:14:25.641473+00:00,2025-05-15T09:14:31.7573+00:00,4.73121905326843,1492,273
4f30af58-e875-4e2b-8ed9-72ead4ec192e,2025-05-15T09:14:46.116296+00:00,2025-05-15T09:14:52.798758+00:00,5.09144878387451,1492,291
d17d1fa9-335f-412d-9147-91b102a3f2f4,2025-05-15T09:14:47.368051+00:00,2025-05-15T09:14:54.361398+00:00,5.41613388061523,1492,327
e4fd9a0a-6bdd-4682-976f-38306653d288,2025-05-15T09:14:48.646936+00:00,2025-05-15T09:14:55.52622+00:00,5.30767893791199,1492,309
16c4d731-f395-42ca-ae1f-c9403e4a012f,2025-05-15T09:14:49.908122+00:00,2025-05-15T09:14:56.626648+00:00,5.07709693908691,1492,271
0d6da83c-4592-406e-b9d1-599ffad5d98d,2025-05-15T09:14:51.255215+00:00,2025-05-15T09:14:58.258938+00:00,5.43793892860413,1492,330
0d5fffa1-a9a2-47f1-a07c-f520b06e08b8,2025-05-15T09:15:11.768646+00:00,2025-05-15T09:15:20.275682+00:00,6.82305288314819,1492,432
c1d75f31-25bb-4a27-b537-1354f198585b,2025-05-15T09:15:13.054+00:00,2025-05-15T09:15:21.563774+00:00,7.01945114135742,1492,383
90b76d46-b5a5-4f6a-abc8-e2f1fd350544,2025-05-15T09:15:15.673541+00:00,2025-05-15T09:15:22.758672+00:00,5.47948503494263,1492,271
91cd4c5b-f370-41b0-b6f5-a1894ac5c8ac,2025-05-15T09:15:14.221489+00:00,2025-05-15T09:15:24.028223+00:00,8.03517580032349,1492,344
91460f10-51d1-4aec-84c5-2c35f7c00e52,2025-05-15T09:15:16.965417+00:00,2025-05-15T09:15:25.15645+00:00,6.38182401657104,1492,270
522c9505-cefe-4499-8ee9-42de9150912b,2025-05-15T09:15:37.488291+00:00,2025-05-15T09:15:44.299077+00:00,5.35147380828857,1492,301
8f6faa7a-cf54-40ab-a88c-21feb7f2826b,2025-05-15T09:15:40.015584+00:00,2025-05-15T09:15:46.762092+00:00,5.22985410690308,1492,277
0b8640e8-5761-4269-81a7-340782cea2e7,2025-05-15T09:15:41.267912+00:00,2025-05-15T09:15:47.779208+00:00,4.96039009094238,1492,297
5b0cbaef-6bc7-4fbb-8a4c-4a1ea12aceea,2025-05-15T09:15:38.647119+00:00,2025-05-15T09:15:48.945577+00:00,8.61214470863342,1492,279
cad4df66-701e-4e46-9a12-2f61c066bf2b,2025-05-15T09:15:42.527655+00:00,2025-05-15T09:15:50.065785+00:00,6.05255079269409,1492,357
cf7278a2-45fb-4cba-9c2c-5e7936b1a7f6,2025-05-15T09:16:02.960551+00:00,2025-05-15T09:16:11.060612+00:00,6.6622850894928,1492,394
85976b31-db30-4171-8404-42eb3bf67125,2025-05-15T09:16:05.597488+00:00,2025-05-15T09:16:13.245705+00:00,6.05477595329285,1492,255
3f64a914-7d7a-459d-a208-25ccde60079d,2025-05-15T09:16:06.857773+00:00,2025-05-15T09:16:14.42654+00:00,6.0065758228302,1492,293
4a38a4ed-5d60-40ee-961c-f4acbb9ecd87,2025-05-15T09:16:08.146197+00:00,2025-05-15T09:16:15.487076+00:00,5.90923810005188,1492,300
eb10e5f4-cff5-4f43-a668-da8334699c06,2025-05-15T09:16:04.126203+00:00,2025-05-15T09:16:16.580071+00:00,10.651004076004,1492,303
17777433-763c-4c57-86d7-b37a18f4c180,2025-05-15T09:17:32.514177+00:00,2025-05-15T09:17:54.213468+00:00,20.0520069599152,1801,457
eb750c3d-d5a5-4e53-9b5a-0bdfdda7433c,2025-05-15T09:17:33.800317+00:00,2025-05-15T09:17:55.363288+00:00,20.0711352825165,1801,489
c0d054e9-81c5-43fc-b375-9bc107196ad6,2025-05-15T09:17:29.89907+00:00,2025-05-15T09:17:56.489479+00:00,23.6417310237885,1801,497
6846ad2b-6d7c-4b74-b1c2-bda8f6747c50,2025-05-15T09:17:34.997018+00:00,2025-05-15T09:17:57.635583+00:00,21.2149240970612,1801,537
715000f3-164e-4763-b5d7-4ffac2bfae83,2025-05-15T09:17:36.124298+00:00,2025-05-15T09:17:58.734916+00:00,21.1547961235046,1801,515
1a73de7c-bdb5-40e0-87f7-402d7064d162,2025-05-15T09:18:04.223305+00:00,2025-05-15T09:18:15.829885+00:00,9.63619303703308,1801,357
03056e4a-12da-43f6-b6d0-c9cdd8215fbc,2025-05-15T09:18:03.141159+00:00,2025-05-15T09:18:18.818518+00:00,14.2681930065155,1801,529
61d2f7c0-f8e9-41a0-a276-d98a95572970,2025-05-15T09:18:02.104249+00:00,2025-05-15T09:18:20.077149+00:00,16.55189204216,1801,528
086dd366-adfc-42e8-ae66-74503aa2f783,2025-05-15T09:18:00.810974+00:00,2025-05-15T09:18:21.423587+00:00,19.0125420093536,1801,360
2ec46fca-3115-4d8a-80cd-ba582ebc7e9c,2025-05-15T09:17:59.526206+00:00,2025-05-15T09:18:22.546324+00:00,21.4125807285309,1801,630
e6fd243d-d4d5-4fce-a1de-5b4dc296c1b4,2025-05-15T09:18:28.3234+00:00,2025-05-15T09:18:41.993528+00:00,12.1439590454102,1801,310
e82e6d49-ea7f-40e3-9460-a49754068f0c,2025-05-15T09:18:27.049574+00:00,2025-05-15T09:18:43.372369+00:00,14.6963579654694,1801,426
2661bfe0-9edc-44fa-9295-82217dd75af2,2025-05-15T09:18:25.868479+00:00,2025-05-15T09:18:46.652581+00:00,19.2680649757385,1801,594
3edbd847-7b89-4cce-bd96-c3307598acae,2025-05-15T09:18:24.713405+00:00,2025-05-15T09:18:47.808793+00:00,21.6041870117188,1801,593
353d3c5a-e85c-4df7-a317-dbfce067ac52,2025-05-15T09:18:49.961138+00:00,2025-05-15T09:19:12.728028+00:00,21.2156422138214,1801,418
424c60bf-4208-4545-ab37-d1c3d7caa409,2025-05-15T09:18:29.506051+00:00,2025-05-15T09:19:25.066722+00:00,54.088268995285,1801,594
cd288c37-1c0b-4554-92f4-f2e2c437d02f,2025-05-15T09:18:51.142242+00:00,2025-05-15T09:19:08.164713+00:00,15.5201358795166,1801,422
12c57e8d-6fb0-45ac-83eb-b29e628a0ca3,2025-05-15T09:18:53.385419+00:00,2025-05-15T09:19:09.473542+00:00,14.5356600284576,1801,412
1de2808d-aa7a-42ba-b5c8-02a71d547ef5,2025-05-15T09:18:54.539534+00:00,2025-05-15T09:19:11.292712+00:00,15.2861380577087,1801,597
6f4c5c74-ad34-4b94-8739-17437b1212f3,2025-05-15T09:18:52.25593+00:00,2025-05-15T09:19:22.624961+00:00,28.8832738399506,1801,508
7fa3cad3-5697-4da1-a411-66e138a749f3,2025-05-15T09:19:19.69372+00:00,2025-05-15T09:19:35.603919+00:00,14.371196269989,1801,401
f0f98a7c-4ee7-4280-aa12-2ef35a8a022f,2025-05-15T09:19:17.270048+00:00,2025-05-15T09:19:37.258209+00:00,18.5508737564087,1801,425
98e53aa0-b0ac-4975-aa66-cf6ecdeb4c39,2025-05-15T09:19:18.38671+00:00,2025-05-15T09:19:38.28341+00:00,18.2978918552399,1801,450
11cd3c4b-314a-4231-8b36-847e8b4015c9,2025-05-15T09:19:16.10648+00:00,2025-05-15T09:19:43.805399+00:00,26.1819541454315,1801,517
f2c327cb-5c41-4f7b-99d3-d3288ca50741,2025-05-15T09:19:14.986431+00:00,2025-05-15T09:19:45.36451+00:00,28.9054892063141,1801,591
e07c8610-b379-42ba-adce-94c17e2ed449,2025-05-15T09:19:42.406253+00:00,2025-05-15T09:19:58.594695+00:00,14.8516972064972,1801,328
dcdfc8e0-6e4e-4391-a6f2-94cd289d0aa0,2025-05-15T09:19:46.905922+00:00,2025-05-15T09:19:59.916145+00:00,11.6436228752136,1801,439
696af0d8-c295-46bc-96db-4aead961094d,2025-05-15T09:19:40.115724+00:00,2025-05-15T09:20:01.004781+00:00,19.4381229877472,1801,478
ac0f51bc-e0b4-4761-8575-cdf6fe25ca33,2025-05-15T09:19:41.298537+00:00,2025-05-15T09:20:02.146081+00:00,19.3506124019623,1801,514
e53d5c58-97e0-40f5-bf68-4ac3f6989728,2025-05-15T09:19:44.637213+00:00,2025-05-15T09:20:07.126589+00:00,19.8157098293304,1801,581
b9629691-7009-43bd-acf9-17d49427a1f3,2025-05-15T09:20:12.933034+00:00,2025-05-15T09:20:26.671997+00:00,12.1083700656891,1801,468
c03b72d1-d927-4778-86d1-7d24017ad983,2025-05-15T09:20:09.251706+00:00,2025-05-15T09:20:27.876713+00:00,17.1250491142273,1801,505
7fa46642-cd1d-4022-bdb2-c93c7b1be437,2025-05-15T09:20:10.445705+00:00,2025-05-15T09:20:28.982929+00:00,17.0316090583801,1801,558
325ce137-f8b8-4e06-9596-a4b883d1d36d,2025-05-15T09:20:11.638693+00:00,2025-05-15T09:20:30.149343+00:00,16.8580539226532,1801,620
021f44e3-62f9-45fe-80b2-01ee7fe39047,2025-05-15T09:20:35.772772+00:00,2025-05-15T09:20:52.233243+00:00,14.8721859455109,1801,413
3a8308ad-e949-4d0c-a772-b8a3d28cc8b0,2025-05-15T09:20:33.456118+00:00,2025-05-15T09:20:53.907775+00:00,18.9711339473724,1801,503
0cd0bb15-5693-41fe-a932-350c92d86785,2025-05-15T09:20:38.190097+00:00,2025-05-15T09:20:55.39633+00:00,15.5933389663696,1801,495
d2e0bad1-1317-4806-83ce-1aa66218602c,2025-05-15T09:20:34.57756+00:00,2025-05-15T09:20:56.504033+00:00,20.3726000785828,1801,516
232fc5a2-738e-49bc-93e8-f6652a0da3e2,2025-05-15T09:20:36.987478+00:00,2025-05-15T09:21:02.688491+00:00,24.2341918945312,1801,599
1c149f42-bf9a-4242-a42e-b2eb6649210b,2025-05-15T09:20:08.016561+00:00,2025-05-15T09:21:09.771991+00:00,60.1972138881683,1801,531
f333d0fb-0402-42d6-ae0c-82b132edc8aa,2025-05-15T09:20:59.847764+00:00,2025-05-15T09:21:16.639977+00:00,15.3035018444061,1801,399
8c2cae48-a448-40b4-8770-cce3e02a7d7f,2025-05-15T09:21:01.994154+00:00,2025-05-15T09:21:17.725199+00:00,13.3610389232635,1801,463
ae635dc6-e01d-4535-9331-8a7e2f5c1c43,2025-05-15T09:20:58.650124+00:00,2025-05-15T09:21:18.763768+00:00,18.6480541229248,1801,508
52326977-f56b-4d18-a109-231c89599ebb,2025-05-15T09:21:00.961877+00:00,2025-05-15T09:21:20.304873+00:00,17.9630880355835,1801,466
136b4ddd-8713-449c-b27d-f1bb2b6b826a,2025-05-15T09:21:04.096227+00:00,2025-05-15T09:21:21.461034+00:00,15.6290507316589,1801,601
4c717251-feb2-4f99-aca9-477b6cec865a,2025-05-15T09:21:29.354628+00:00,2025-05-15T09:21:44.468357+00:00,13.6724002361298,1801,458
0f7ea493-0a84-44d5-9c11-dbaba3052717,2025-05-15T09:21:24.596492+00:00,2025-05-15T09:21:45.598254+00:00,19.4058141708374,1801,500
363ecb29-4abe-4d28-8674-9284290f7307,2025-05-15T09:21:25.844478+00:00,2025-05-15T09:21:46.859824+00:00,19.4328808784485,1801,437
3bac2aa2-962d-4c58-8ff8-79783859b1b0,2025-05-15T09:21:26.995384+00:00,2025-05-15T09:21:48.031412+00:00,19.4388659000397,1801,437
c93ce776-2987-4624-a21b-82f94ee97209,2025-05-15T09:21:28.240115+00:00,2025-05-15T09:21:49.199676+00:00,19.5559020042419,1801,568
4a682191-d1d1-4b76-87ba-16dac11b66a5,2025-05-15T09:24:52.326078+00:00,2025-05-15T09:25:03.997678+00:00,10.1692399978638,1657,400
6fcafb1d-65e9-406c-a896-9cc48342888f,2025-05-15T09:24:51.076651+00:00,2025-05-15T09:25:05.392995+00:00,12.7932941913605,1657,419
f040c749-842d-41e4-9f5f-a0ae6c996fcd,2025-05-15T09:24:53.483503+00:00,2025-05-15T09:25:06.646051+00:00,11.5469486713409,1657,409
d5e62984-79d8-4568-b66e-7b9b63fb8305,2025-05-15T09:24:54.668782+00:00,2025-05-15T09:25:07.703356+00:00,11.5134248733521,1657,442
e91bb195-9515-44a6-873e-9f7d116e5f52,2025-05-15T09:24:48.703838+00:00,2025-05-15T09:25:08.799982+00:00,17.4191520214081,1657,446
80bb3ad2-d0e6-4a1d-80c3-812a56871417,2025-05-15T09:25:15.126027+00:00,2025-05-15T09:25:28.569777+00:00,11.9240777492523,1657,358
b1e81d1f-9c31-4473-a8aa-1b8e85e39e1c,2025-05-15T09:25:18.481992+00:00,2025-05-15T09:25:29.805501+00:00,9.84947109222412,1807,386
26c3e7d2-8450-4035-b78c-239c3248f31c,2025-05-15T09:25:19.554793+00:00,2025-05-15T09:25:30.824795+00:00,9.79448914527893,1657,463
f53371df-0930-498c-a1f7-441b8a2c918e,2025-05-15T09:25:17.431271+00:00,2025-05-15T09:25:31.880566+00:00,13.1082861423492,1657,418
3510522a-47a8-4a50-8def-653a02d2b2d5,2025-05-15T09:25:16.309159+00:00,2025-05-15T09:25:32.958727+00:00,15.2124390602112,1657,549
399a9171-b2e9-4fe5-a5ea-adcc9ba3c3b5,2025-05-15T09:25:41.074733+00:00,2025-05-15T09:25:54.162449+00:00,11.4873900413513,1657,429
6fe5193e-82f2-4674-9081-eff1284e455d,2025-05-15T09:25:43.483312+00:00,2025-05-15T09:25:55.343654+00:00,10.2994918823242,2107,482
b07867ef-eab8-44cc-9afa-3ebb13f65bb9,2025-05-15T09:25:44.668689+00:00,2025-05-15T09:25:56.523245+00:00,10.2544801235199,1657,479
bff976e1-70a8-43fd-a939-4c853056173a,2025-05-15T09:25:42.336205+00:00,2025-05-15T09:25:57.719851+00:00,13.9089381694794,1657,505
3f3f7cb7-9c6a-431c-857d-920c8b6af643,2025-05-15T09:25:39.982112+00:00,2025-05-15T09:25:58.826771+00:00,17.4360842704773,1807,450
2ebebd33-86d0-4c53-8615-66f6b56873dd,2025-05-15T09:26:10.674923+00:00,2025-05-15T09:26:19.292041+00:00,6.89372372627258,1657,446
236249da-6487-4fd6-9c79-22394a1b4c9d,2025-05-15T09:26:05.169788+00:00,2025-05-15T09:26:20.474497+00:00,13.708233833313,1657,518
d54f6212-2be6-44be-860f-f033c274523d,2025-05-15T09:26:08.10438+00:00,2025-05-15T09:26:21.65669+00:00,11.8028607368469,1657,460
1b134e68-d300-402b-8915-7013c949c8d2,2025-05-15T09:26:06.710044+00:00,2025-05-15T09:26:22.886634+00:00,14.4821970462799,1657,434
142b5625-08bd-4a28-b117-cacbada8c572,2025-05-15T09:26:09.485819+00:00,2025-05-15T09:26:24.04271+00:00,13.0363359451294,1657,408
784b32f2-1922-4ce6-b179-ab3418df4f75,2025-05-15T09:26:33.666677+00:00,2025-05-15T09:26:44.407368+00:00,9.14742803573608,1657,355
863f6088-f61d-4edc-8b44-45fffcb6d104,2025-05-15T09:26:36.159149+00:00,2025-05-15T09:26:45.647291+00:00,7.90421986579895,1657,384
8af256be-ed6c-4331-ae1d-eb92697efc50,2025-05-15T09:26:32.547076+00:00,2025-05-15T09:26:46.908884+00:00,12.7628133296967,1657,415
57880303-40e2-4a97-9d73-1dc4994ea866,2025-05-15T09:26:31.363947+00:00,2025-05-15T09:26:48.060077+00:00,15.2241070270538,3104,447
81c87707-0e36-4563-acec-9eef6727f43a,2025-05-15T09:26:34.877249+00:00,2025-05-15T09:26:49.183545+00:00,12.6753060817719,1657,544
0d1665b9-5386-4634-84b9-179fd1731a6f,2025-05-15T09:26:58.763036+00:00,2025-05-15T09:27:10.212066+00:00,9.98475694656372,1657,401
99c81f33-06cf-410b-aa83-6473d3bf21f3,2025-05-15T09:27:01.042312+00:00,2025-05-15T09:27:11.370055+00:00,8.77404284477234,2632,375
db60a58c-2a7f-443b-b6a1-e8d0544a97fc,2025-05-15T09:26:56.617009+00:00,2025-05-15T09:27:12.445833+00:00,14.4237401485443,1657,435
e3beeea2-0afb-453e-92d7-419844089644,2025-05-15T09:26:57.725669+00:00,2025-05-15T09:27:13.54922+00:00,14.4598588943481,1807,397
0f8e2664-431d-4dfd-a37b-53b67894cebb,2025-05-15T09:26:59.852252+00:00,2025-05-15T09:27:14.682745+00:00,13.3191020488739,1657,442
30b99dcc-bdb3-4b33-879b-ec55c0307d20,2025-05-15T09:27:24.071068+00:00,2025-05-15T09:27:37.639496+00:00,11.8753027915955,1657,406
ab3f3831-99f1-4ce6-97df-79d28d8eec56,2025-05-15T09:27:22.845907+00:00,2025-05-15T09:27:38.86105+00:00,14.4316227436066,1957,434
8d33ed90-7f7d-4c83-bb46-0de98f82274b,2025-05-15T09:27:21.600732+00:00,2025-05-15T09:27:40.061479+00:00,16.9092099666595,1657,504
8117a0e2-f28e-4567-9be3-3529b2af5b8c,2025-05-15T09:27:26.556989+00:00,2025-05-15T09:27:41.249925+00:00,13.162299156189,1807,452
cf5c5c2b-ee4e-409f-b860-9ba5041b0a87,2025-05-15T09:27:25.378741+00:00,2025-05-15T09:27:42.444366+00:00,15.5456399917603,1657,467
eae77105-8231-4720-adbb-ba20ce1e54c1,2025-05-15T09:27:50.504944+00:00,2025-05-15T09:28:00.743679+00:00,8.57340383529663,1657,326
41a89a6b-55df-4825-af5f-51d680feffae,2025-05-15T09:27:47.062245+00:00,2025-05-15T09:28:02.681188+00:00,14.0299868583679,1657,446
63d82bcd-4404-4c21-b36c-af7ebc1b3c55,2025-05-15T09:27:49.368876+00:00,2025-05-15T09:28:03.941221+00:00,13.1038038730621,1657,478
80b23d69-81a2-4352-9bc5-4ee37c01c7af,2025-05-15T09:27:51.730189+00:00,2025-05-15T09:28:05.120279+00:00,11.7680020332336,1657,392
e1a99599-fad7-439e-8afb-e7ca8b94e6ab,2025-05-15T09:27:48.23666+00:00,2025-05-15T09:28:06.635183+00:00,16.8988580703735,1807,434
eb1e34dd-b5cc-4fa7-bdf5-fbc5c5d85a7b,2025-05-15T09:28:15.790695+00:00,2025-05-15T09:28:26.906191+00:00,9.63560199737549,1657,419
655aa5e1-46f8-49b9-9716-f1ec2184bf81,2025-05-15T09:28:12.196109+00:00,2025-05-15T09:28:28.271773+00:00,14.4876341819763,1727,402
f23326a3-78e5-4d70-a896-006f502ee6d6,2025-05-15T09:28:14.668515+00:00,2025-05-15T09:28:29.394479+00:00,13.3027260303497,1657,411
21699269-16cc-4051-afed-f80fc4ca3bf6,2025-05-15T09:28:16.89908+00:00,2025-05-15T09:28:30.791353+00:00,12.2616839408875,2632,454
4f304612-abfd-4e93-bded-d9ad24241c98,2025-05-15T09:28:13.396627+00:00,2025-05-15T09:28:32.072728+00:00,17.1017699241638,1807,443
4ea066ac-5fe0-4c70-836e-29062e8ae996,2025-05-15T09:28:42.113357+00:00,2025-05-15T09:28:49.951907+00:00,6.44399571418762,1657,395
cadb11c0-969b-402f-81f0-1df376d467f9,2025-05-15T09:28:38.482212+00:00,2025-05-15T09:28:51.096043+00:00,10.9981820583344,1657,421
e68d190e-ba9c-4f84-991a-6959b4838b3a,2025-05-15T09:28:37.335413+00:00,2025-05-15T09:28:52.269869+00:00,13.4325039386749,1657,421
77b7ca2b-94c5-40fe-886d-a273f13b9f87,2025-05-15T09:28:39.691698+00:00,2025-05-15T09:28:53.566559+00:00,12.2141489982605,1807,496
cd74dea7-2e81-411d-8c62-4e191e2c8c78,2025-05-15T09:28:40.962423+00:00,2025-05-15T09:28:54.809811+00:00,12.3363378047943,1657,527
47488041-4624-48c7-89a5-1b1f9d564b5a,2025-05-15T09:32:22.566781+00:00,2025-05-15T09:32:33.514761+00:00,9.45782399177551,3055,673
9a08bc24-2521-4758-bf7b-84c16337f545,2025-05-15T09:32:14.01504+00:00,2025-05-15T09:32:34.680932+00:00,11.7754421234131,3055,700
7839fc71-e0c5-490f-adb0-9bbdeacfe4d9,2025-05-15T09:32:23.758762+00:00,2025-05-15T09:32:36.025345+00:00,10.7154610157013,4287,765
9c0d4753-c775-4c12-8d2f-920acfcf9e77,2025-05-15T09:32:24.929721+00:00,2025-05-15T09:32:37.379591+00:00,11.0155472755432,3055,805
d749e54e-41ca-47f1-9bb2-938ba8637669,2025-05-15T09:32:26.021058+00:00,2025-05-15T09:32:38.636028+00:00,11.1425752639771,3055,788
735954b3-a5ae-492c-bfe4-afcc7df8f8fd,2025-05-15T09:32:46.473365+00:00,2025-05-15T09:32:59.432328+00:00,11.4252028465271,3055,812
19c29aee-a79b-42aa-9baf-13c1f8997bd8,2025-05-15T09:32:50.294792+00:00,2025-05-15T09:33:00.656703+00:00,8.76830911636353,1991,585
47920b11-79b6-4624-95c7-452a537eece5,2025-05-15T09:32:47.702736+00:00,2025-05-15T09:33:01.830135+00:00,12.4335112571716,3055,748
51956da4-6b4c-4d3c-a666-44289065a1bd,2025-05-15T09:32:49.058858+00:00,2025-05-15T09:33:02.993939+00:00,12.3724961280823,3055,786
b3fb8a0d-e27a-438b-8fc9-18ede1e1ceb9,2025-05-15T09:32:51.522973+00:00,2025-05-15T09:33:04.194488+00:00,11.2224338054657,3055,807
8cfd4e04-9091-42c8-873d-051a67a4a0d3,2025-05-15T09:33:11.971557+00:00,2025-05-15T09:33:25.624238+00:00,12.0291788578033,3055,757
287b050d-ab55-4a0b-bb97-971c016c7a78,2025-05-15T09:33:14.542372+00:00,2025-05-15T09:33:28.787154+00:00,12.6238770484924,3055,700
bd3172bb-b1f3-478d-9201-76f8846d9e6e,2025-05-15T09:33:15.777214+00:00,2025-05-15T09:33:30.421912+00:00,13.0950038433075,3055,810
14ac986d-6d1c-4650-a99b-5fff3913cf2d,2025-05-15T09:33:13.272338+00:00,2025-05-15T09:33:31.625454+00:00,16.7137441635132,5318,853
afadc5e5-af59-4072-8503-d8a50fa9b806,2025-05-15T09:33:17.011902+00:00,2025-05-15T09:33:32.924659+00:00,14.3245620727539,3055,787
a3c27e79-a727-401a-87bc-6aaa8794c805,2025-05-15T09:33:38.835323+00:00,2025-05-15T09:33:54.961864+00:00,14.6858139038086,3055,861
cd606c47-c766-4382-b5f2-8412d2f8840e,2025-05-15T09:33:41.314062+00:00,2025-05-15T09:33:56.190649+00:00,13.3797030448914,3055,856
da24892e-70d6-49f7-bf6c-5b130dcbe1a5,2025-05-15T09:33:37.57396+00:00,2025-05-15T09:33:52.628187+00:00,13.4391829967499,3055,821
93dfb679-4935-41d8-b27b-697d85a903d5,2025-05-15T09:33:39.977485+00:00,2025-05-15T09:33:53.84081+00:00,12.2033421993256,3055,777
8be512ba-a044-4522-98c6-092370e45b36,2025-05-15T09:33:42.415875+00:00,2025-05-15T09:33:57.585685+00:00,13.5956139564514,3055,868
